,Code,Used,Used_date
0,erotico-seven-gianni-6716,0,00-00-0000
1,king-copier-midding-9249,0,00-00-0000
2,grandfather-degli-winterstorm-5018,0,00-00-0000
3,notte-mazurka-kaptn-8151,0,00-00-0000
4,blood-kill-song-656,0,00-00-0000
5,cadabra-fight-gianni-8963,0,00-00-0000
6,story-ballad-poseur-8450,0,00-00-0000
7,maestro-countrycycles-wall-2648,0,00-00-0000
8,poseur-number-cadabra-5196,0,00-00-0000
9,happy-ending-march-6030,0,00-00-0000
10,barbie-tell-cantieri-4373,0,00-00-0000
11,anelli-countrycycles-nanowarrior-8461,0,00-00-0000
12,heavy-dragon-warriors-4149,0,00-00-0000
13,radio-poseur-that-5388,0,00-00-0000
14,reels-king-prayer-9983,0,00-00-0000
15,twilight-onion-love-4897,0,00-00-0000
16,emerald-libert-song-1435,0,00-00-0000
17,triumphant-poseur-libert-9060,0,00-00-0000
18,piazza-emerald-beginning-8317,0,00-00-0000
19,marcia-emerald-taragnarock-3628,0,00-00-0000
20,minerals-porto-belt-8816,0,00-00-0000
21,houdini-night-great-7588,0,00-00-0000
22,seven-story-birthday-5734,0,00-00-0000
23,grande-barbie-fluch-2445,0,00-00-0000
24,legacy-crown-valhalla-35,0,00-00-0000
25,giorgio-warriors-only-5540,0,00-00-0000
26,sabbia-pino-band-978,0,00-00-0000
27,imodium-swords-muscle-4582,0,00-00-0000
28,requiem-forest-fairy-7644,0,00-00-0000
29,obras-carrefour-imodium-9616,0,00-00-0000
30,hail-wall-magni-9483,0,00-00-0000
31,valhalla-nanowarrior-piazza-542,0,00-00-0000
32,biancodolce-uranus-bitch-5213,0,00-00-0000
33,pasadena-poseur-poser-6299,0,00-00-0000
34,disco-barbie-chastity-3826,0,00-00-0000
35,with-sulle-nanowarrior-1341,0,00-00-0000
36,power-purpose-kibbles-2550,0,00-00-0000
37,hobbit-potentia-steel-8263,0,00-00-0000
38,forest-metallica-sulle-7052,0,00-00-0000
39,nanowarrior-underpants-legacy-2666,0,00-00-0000
40,sulle-boomer-another-6837,0,00-00-0000
41,pasadena-velociraptor-underpants-745,0,00-00-0000
42,parody-gladi-stormlord-9759,0,00-00-0000
43,porto-grande-myagi-70,0,00-00-0000
44,opera-tell-purpose-4147,0,00-00-0000
45,need-marcia-drill-4196,0,00-00-0000
46,only-grandfather-ending-3814,0,00-00-0000
47,boogie-lamento-gabonzo-1128,0,00-00-0000
48,think-only-schwanzwald-2766,0,00-00-0000
49,live-zion-taragnarock-104,0,00-00-0000
50,ecologico-milf-call-9002,0,00-00-0000
51,muscle-tricycles-steel-8187,0,00-00-0000
52,mazurka-intro-nanowarriors-9011,0,00-00-0000
53,strong-inox-boogie-5740,0,00-00-0000
54,queens-gabonzo-ironmonger-4132,0,00-00-0000
55,call-ballad-formia-5575,0,00-00-0000
56,tooth-minore-robot-4189,0,00-00-0000
57,magic-village-introducing-7788,0,00-00-0000
58,marcia-cantieri-emerald-5971,0,00-00-0000
59,hail-mastrota-love-6477,0,00-00-0000
60,erotico-metal-chupacabra-1398,0,00-00-0000
61,maestro-number-baile-1595,0,00-00-0000
62,fires-aliquote-nanowarriors-2495,0,00-00-0000
63,cacciatore-rapsody-pasadena-8133,0,00-00-0000
64,land-need-kibbles-9231,0,00-00-0000
65,rosario-degli-voyage-3701,0,00-00-0000
66,metal-memories-iron-9968,0,00-00-0000
67,long-cthulhu-twilight-3181,0,00-00-0000
68,cadabra-dick-milf-9938,0,00-00-0000
69,tooth-number-nanowarriors-6671,0,00-00-0000
70,than-gigi-rhapsody-3740,0,00-00-0000
71,kill-with-lung-8961,0,00-00-0000
72,gladi-burger-outrue-9098,0,00-00-0000
73,panceri-reels-surprise-4800,0,00-00-0000
74,lassedio-grande-pasadena-3669,0,00-00-0000
75,nanowarrior-fight-swords-684,0,00-00-0000
76,findus-tkdyns-rapsody-1781,0,00-00-0000
77,that-nabos-signore-9122,0,00-00-0000
78,words-giorgio-world-8332,0,00-00-0000
79,metallalala-pizza-number-3678,0,00-00-0000
80,nanowarrior-underpants-intrue-4058,0,00-00-0000
81,signore-look-heavy-2050,0,00-00-0000
82,fork-metal-world-5184,0,00-00-0000
83,march-rapsody-uranus-9579,0,00-00-0000
84,drill-grandfather-milf-9591,0,00-00-0000
85,underpants-karkagnors-crown-3713,0,00-00-0000
86,princess-ironmonger-dimmu-1186,0,00-00-0000
87,fork-kill-prayer-8781,0,00-00-0000
88,entra-nanowarrior-quest-3995,0,00-00-0000
89,protocols-liechtenstein-stadio-2065,0,00-00-0000
90,magniaccons-voyage-heavy-7811,0,00-00-0000
91,only-surprise-stormlord-9114,0,00-00-0000
92,cthulhu-fires-mastrota-6409,0,00-00-0000
93,true-ecologico-radio-8651,0,00-00-0000
94,pasadena-metallalala-capitan-3960,0,00-00-0000
95,noble-song-triumphant-5282,0,00-00-0000
96,belt-power-poseur-1941,0,00-00-0000
97,they-carrefour-robot-6459,0,00-00-0000
98,birthday-schwanzwald-potentia-9667,0,00-00-0000
99,march-metal-fart-9987,0,00-00-0000
100,polenta-they-grande-1518,0,00-00-0000
101,they-steel-myagi-372,0,00-00-0000
102,gatto-lassedio-crown-4556,0,00-00-0000
103,aliquote-only-entra-1907,0,00-00-0000
104,carrefour-iron-notte-4176,0,00-00-0000
105,stormlord-ballad-steel-5914,0,00-00-0000
106,night-milf-prayer-5163,0,00-00-0000
107,boogie-entra-fart-9462,0,00-00-0000
108,ecologico-formia-robot-3534,0,00-00-0000
109,knight-laugh-magniaccons-9650,0,00-00-0000
110,gabonzo-gatto-grande-2763,0,00-00-0000
111,images-amazing-maestro-8644,0,00-00-0000
112,declination-words-poseur-980,0,00-00-0000
113,nanowarriors-seven-parody-3867,0,00-00-0000
114,piazza-dello-campo-7254,0,00-00-0000
115,drill-ending-karkagnors-7170,0,00-00-0000
116,findus-twilight-panceri-3647,0,00-00-0000
117,cacciatore-long-emerald-5490,0,00-00-0000
118,kitograd-nabos-disco-2817,0,00-00-0000
119,other-band-number-636,0,00-00-0000
120,minerals-imodium-village-8911,0,00-00-0000
121,poseur-gabonzo-live-5812,0,00-00-0000
122,campo-zion-hail-5919,0,00-00-0000
123,radio-master-iglo-9991,0,00-00-0000
124,world-winterstorm-porto-398,0,00-00-0000
125,blood-tkdyns-nanowarrior-3367,0,00-00-0000
126,grandfather-iron-boogie-6487,0,00-00-0000
127,gigi-voyage-viejo-8939,0,00-00-0000
128,velociraptor-memories-happy-4951,0,00-00-0000
129,bitch-declination-iron-382,0,00-00-0000
130,land-fairy-ending-9206,0,00-00-0000
131,laugh-keeper-wall-7542,0,00-00-0000
132,intrue-long-iglo-3306,0,00-00-0000
133,fight-gioca-tricycles-5976,0,00-00-0000
134,porto-only-lopelatole-6814,0,00-00-0000
135,noticed-triumphant-forest-6012,0,00-00-0000
136,fork-robot-prayer-412,0,00-00-0000
137,lamento-degli-onion-8040,0,00-00-0000
138,intro-christmas-nabos-3123,0,00-00-0000
139,tricycles-maledizione-midding-2244,0,00-00-0000
140,giorgio-erotico-imodium-9739,0,00-00-0000
141,nanowarriors-nabos-emerald-3444,0,00-00-0000
142,pizza-inox-mastrota-6204,0,00-00-0000
143,wall-keys-gatto-3049,0,00-00-0000
144,kill-long-birthday-907,0,00-00-0000
145,rhapsody-call-fairy-7589,0,00-00-0000
146,nanowarrior-love-myagi-3176,0,00-00-0000
147,guarda-iron-declination-9552,0,00-00-0000
148,declination-dimmu-robot-8268,0,00-00-0000
149,cervo-fernanduzzo-metallalala-6988,0,00-00-0000
150,laugh-metallalala-purpose-2057,0,00-00-0000
151,disco-karkagnors-knight-402,0,00-00-0000
152,sober-long-inox-7648,0,00-00-0000
153,robot-magniaccons-uranus-5824,0,00-00-0000
154,kitograd-baile-libert-3553,0,00-00-0000
155,intrue-panceri-introducing-2496,0,00-00-0000
156,piazza-band-iron-7656,0,00-00-0000
157,magni-belt-village-9413,0,00-00-0000
158,signore-chupacabra-village-1043,0,00-00-0000
159,king-grandfather-sabbia-7954,0,00-00-0000
160,tragic-cthulhu-knight-23,0,00-00-0000
161,village-odino-anelli-3584,0,00-00-0000
162,with-that-cadabra-6415,0,00-00-0000
163,amazing-grafia-pasadena-9730,0,00-00-0000
164,nanowarrior-battalion-kitograd-5145,0,00-00-0000
165,aliquote-tricycles-steel-1831,0,00-00-0000
166,liechtenstein-vecchio-fart-76,0,00-00-0000
167,sabani-burger-declination-2177,0,00-00-0000
168,dick-fluch-blood-6549,0,00-00-0000
169,entra-aliquote-tragic-151,0,00-00-0000
170,parody-milf-gaytorade-7343,0,00-00-0000
171,gargoyle-hail-then-811,0,00-00-0000
172,happy-panceri-gargoyle-2624,0,00-00-0000
173,grandfather-purpose-true-1722,0,00-00-0000
174,boomer-erotico-formia-8277,0,00-00-0000
175,happy-libert-christmas-8818,0,00-00-0000
176,maiden-drill-scugnizzi-635,0,00-00-0000
177,midding-declination-porto-821,0,00-00-0000
178,myagi-guarda-ironmonger-4563,0,00-00-0000
179,elders-radio-hail-335,0,00-00-0000
180,lassedio-other-aliquote-8078,0,00-00-0000
181,vecchio-underpants-lassedio-4878,0,00-00-0000
182,steel-metropolis-gigi-1788,0,00-00-0000
183,fight-more-uranus-9255,0,00-00-0000
184,land-libert-battalion-7546,0,00-00-0000
185,magic-power-baile-178,0,00-00-0000
186,cadabra-liechtenstein-happy-3249,0,00-00-0000
187,blood-cacciatore-viejo-6306,0,00-00-0000
188,power-cena-poser-6275,0,00-00-0000
189,maestro-true-dello-5110,0,00-00-0000
190,memories-marcia-triumphant-8914,0,00-00-0000
191,boomer-schwanzwald-fork-8986,0,00-00-0000
192,bitch-gargoyle-rhapsody-9105,0,00-00-0000
193,purpose-ecologico-tkdyns-4221,0,00-00-0000
194,ironmonger-metal-gigi-6378,0,00-00-0000
195,tooth-gianni-knight-4412,0,00-00-0000
196,obras-ring-triumphant-3178,0,00-00-0000
197,lopelatole-princess-intro-7884,0,00-00-0000
198,mastrota-velociraptor-lassedio-6242,0,00-00-0000
199,kitograd-gigi-sword-8077,0,00-00-0000
200,dick-nanowarriors-birthday-9671,0,00-00-0000
201,gargoyle-fernanduzzo-power-4403,0,00-00-0000
202,chupacabra-kibbles-minore-8826,0,00-00-0000
203,land-need-cadabra-543,0,00-00-0000
204,village-carrefour-keys-1156,0,00-00-0000
205,voyage-cacciatore-magni-8904,0,00-00-0000
206,requiem-queens-maestro-8224,0,00-00-0000
207,wall-metallalala-more-3152,0,00-00-0000
208,sword-scugnizzi-lassedio-9206,0,00-00-0000
209,love-march-sword-9895,0,00-00-0000
210,power-number-sabbia-2846,0,00-00-0000
211,minore-long-imodium-9894,0,00-00-0000
212,fork-signore-long-9452,0,00-00-0000
213,tooth-radio-giorgio-4137,0,00-00-0000
214,sulle-magic-midding-409,0,00-00-0000
215,need-band-midding-9778,0,00-00-0000
216,iron-nabos-guarda-3761,0,00-00-0000
217,lopelatole-great-obras-3986,0,00-00-0000
218,declination-than-polenta-8412,0,00-00-0000
219,kaptn-great-warriors-5634,0,00-00-0000
220,maiden-velociraptor-maestro-4304,0,00-00-0000
221,iron-metal-love-1286,0,00-00-0000
222,love-minore-gargoyle-1653,0,00-00-0000
223,ecologico-houdini-kitograd-6305,0,00-00-0000
224,belt-biancodolce-nanowarrior-9694,0,00-00-0000
225,intrue-think-elders-3553,0,00-00-0000
226,wall-laugh-legacy-1960,0,00-00-0000
227,land-tragic-signore-1880,0,00-00-0000
228,grafia-degli-christmas-476,0,00-00-0000
229,minore-disco-purpose-907,0,00-00-0000
230,look-radio-porto-8652,0,00-00-0000
231,della-onion-lamento-2671,0,00-00-0000
232,milf-barbie-findus-5972,0,00-00-0000
233,stormlord-onion-magni-8503,0,00-00-0000
234,noticed-queens-gladi-385,0,00-00-0000
235,gatto-requiem-pasadena-8023,0,00-00-0000
236,rosario-tell-gianni-4974,0,00-00-0000
237,belt-knight-campo-2445,0,00-00-0000
238,call-strong-onion-2963,0,00-00-0000
239,luomo-robot-introducing-5177,0,00-00-0000
240,kitograd-legacy-obras-4670,0,00-00-0000
241,birthday-boomer-gabonzo-3399,0,00-00-0000
242,battalion-introducing-obras-938,0,00-00-0000
243,elders-cthulhu-copier-4633,0,00-00-0000
244,onion-midding-disco-9387,0,00-00-0000
245,metallica-protocols-dello-8475,0,00-00-0000
246,muscle-steel-requiem-7511,0,00-00-0000
247,winterstorm-keeper-mastrota-7509,0,00-00-0000
248,power-fairy-warriors-3876,0,00-00-0000
249,taragnarock-cacciatore-they-2497,0,00-00-0000
250,tell-master-nanowar-9893,0,00-00-0000
251,opera-number-keys-1814,0,00-00-0000
252,stormlord-della-princess-2661,0,00-00-0000
253,kibbles-notte-signore-3846,0,00-00-0000
254,tooth-fairy-blood-2594,0,00-00-0000
255,winterstorm-mira-aliquote-8300,0,00-00-0000
256,hail-number-vecchio-9447,0,00-00-0000
257,march-rhapsody-maiden-541,0,00-00-0000
258,only-tragic-giorgio-4566,0,00-00-0000
259,winterstorm-gaytorade-minore-6482,0,00-00-0000
260,nanowarriors-anelli-swords-7338,0,00-00-0000
261,ballad-story-carrefour-6017,0,00-00-0000
262,world-warriors-surprise-7663,0,00-00-0000
263,underpants-sabani-hobbit-2781,0,00-00-0000
264,entra-capitan-need-4216,0,00-00-0000
265,countrycycles-will-ring-6386,0,00-00-0000
266,sabbia-knight-nanowar-7966,0,00-00-0000
267,muscle-band-chastity-7761,0,00-00-0000
268,beginning-dragon-warriors-4180,0,00-00-0000
269,band-degli-dragon-8269,0,00-00-0000
270,gianni-rhapsody-happy-198,0,00-00-0000
271,parody-karkagnors-feudalesimo-782,0,00-00-0000
272,purpose-introducing-copier-5487,0,00-00-0000
273,great-nanowarriors-myagi-3396,0,00-00-0000
274,maestro-words-fight-7819,0,00-00-0000
275,parody-noble-ending-5792,0,00-00-0000
276,metallica-will-christmas-1886,0,00-00-0000
277,sober-nanowar-pizza-2053,0,00-00-0000
278,vecchio-kill-other-7021,0,00-00-0000
279,introducing-campo-potentia-6600,0,00-00-0000
280,kaptn-milf-ring-3897,0,00-00-0000
281,land-disco-poseur-8836,0,00-00-0000
282,bitch-cadabra-pino-4113,0,00-00-0000
283,knight-noble-biancodolce-1126,0,00-00-0000
284,tooth-will-knight-1214,0,00-00-0000
285,metropolis-kaptn-heavy-4261,0,00-00-0000
286,copier-emerald-aliquote-8595,0,00-00-0000
287,nabos-robot-maestro-4760,0,00-00-0000
288,iglo-other-wall-7518,0,00-00-0000
289,iron-maledizione-erotico-4542,0,00-00-0000
290,countrycycles-opera-quest-234,0,00-00-0000
291,march-live-power-4530,0,00-00-0000
292,village-copier-inox-7165,0,00-00-0000
293,dragon-fart-power-7274,0,00-00-0000
294,words-drill-aliquote-5774,0,00-00-0000
295,rosario-quest-kibbles-9214,0,00-00-0000
296,sword-birthday-degli-9620,0,00-00-0000
297,cena-metallica-dick-7725,0,00-00-0000
298,vegan-boomer-iron-8480,0,00-00-0000
299,fairy-love-fart-1118,0,00-00-0000
300,fluch-anelli-then-2083,0,00-00-0000
301,sulle-myagi-luomo-1069,0,00-00-0000
302,march-libert-odino-6500,0,00-00-0000
303,they-nanowarriors-declination-8618,0,00-00-0000
304,radio-countrycycles-poseur-4935,0,00-00-0000
305,pino-steel-dimmu-6797,0,00-00-0000
306,winterstorm-formia-valhalla-8078,0,00-00-0000
307,band-need-houdini-8490,0,00-00-0000
308,power-karkagnors-lamento-2972,0,00-00-0000
309,another-gargoyle-happy-7457,0,00-00-0000
310,ecologico-heavy-love-2207,0,00-00-0000
311,panceri-schwanzwald-erotico-5114,0,00-00-0000
312,hobbit-requiem-carrefour-1054,0,00-00-0000
313,crown-love-seven-5084,0,00-00-0000
314,declination-feudalesimo-ironmonger-6233,0,00-00-0000
315,keys-intro-chupacabra-4416,0,00-00-0000
316,biancodolce-wall-crown-1368,0,00-00-0000
317,than-only-battalion-1137,0,00-00-0000
318,cthulhu-mira-fork-8153,0,00-00-0000
319,baile-rapsody-fight-7006,0,00-00-0000
320,metal-dick-imodium-5817,0,00-00-0000
321,gaytorade-disco-master-6440,0,00-00-0000
322,gaytorade-boogie-drill-4240,0,00-00-0000
323,houdini-polenta-purpose-173,0,00-00-0000
324,magic-notte-grandfather-3699,0,00-00-0000
325,reels-number-baile-6972,0,00-00-0000
326,drill-kill-opera-8272,0,00-00-0000
327,cthulhu-potentia-prayer-9265,0,00-00-0000
328,triumphant-dragon-words-250,0,00-00-0000
329,ballad-look-song-6124,0,00-00-0000
330,myagi-number-ending-9220,0,00-00-0000
331,that-gladi-look-6997,0,00-00-0000
332,biancodolce-surprise-amazing-8336,0,00-00-0000
333,introducing-muscle-panceri-9673,0,00-00-0000
334,tooth-true-tell-7102,0,00-00-0000
335,triumphant-lamento-nanowarriors-8657,0,00-00-0000
336,more-power-magniaccons-2295,0,00-00-0000
337,intro-gabonzo-polenta-2935,0,00-00-0000
338,emerald-maledizione-baile-728,0,00-00-0000
339,think-lamento-potentia-3969,0,00-00-0000
340,nanowarriors-world-maestro-9253,0,00-00-0000
341,prayer-parody-mazurka-73,0,00-00-0000
342,boogie-dello-ironmonger-1707,0,00-00-0000
343,cthulhu-laugh-then-3464,0,00-00-0000
344,midding-night-tkdyns-1237,0,00-00-0000
345,opera-band-nabos-3959,0,00-00-0000
346,bitch-mazurka-then-8063,0,00-00-0000
347,mira-myagi-degli-2231,0,00-00-0000
348,belt-notte-battalion-8970,0,00-00-0000
349,happy-ring-kitograd-526,0,00-00-0000
350,blood-dimmu-porto-2866,0,00-00-0000
351,cadabra-metallica-they-6294,0,00-00-0000
352,rapsody-beginning-fires-803,0,00-00-0000
353,warriors-onion-fernanduzzo-7157,0,00-00-0000
354,poser-they-potentia-2879,0,00-00-0000
355,robot-great-barbie-3191,0,00-00-0000
356,karkagnors-tell-chupacabra-3330,0,00-00-0000
357,will-cadabra-prayer-3410,0,00-00-0000
358,scugnizzi-village-stormlord-7037,0,00-00-0000
359,mira-gianni-they-1376,0,00-00-0000
360,more-giorgio-barbie-6743,0,00-00-0000
361,forest-nanowar-grafia-5323,0,00-00-0000
362,findus-vecchio-outrue-7253,0,00-00-0000
363,land-imodium-gatto-9989,0,00-00-0000
364,fairy-vecchio-declination-5782,0,00-00-0000
365,cthulhu-rapsody-requiem-999,0,00-00-0000
366,grafia-declination-outrue-9508,0,00-00-0000
367,findus-gaytorade-maestro-365,0,00-00-0000
368,true-cacciatore-boogie-9299,0,00-00-0000
369,surprise-cacciatore-outrue-4920,0,00-00-0000
370,minerals-power-images-5392,0,00-00-0000
371,nanowarrior-odino-twilight-7260,0,00-00-0000
372,scugnizzi-laugh-with-9636,0,00-00-0000
373,sober-metropolis-words-6104,0,00-00-0000
374,aliquote-dimmu-laugh-6734,0,00-00-0000
375,wall-swords-quest-1656,0,00-00-0000
376,campo-true-crown-8714,0,00-00-0000
377,zion-than-dimmu-4029,0,00-00-0000
378,uranus-fairy-dragon-6895,0,00-00-0000
379,findus-myagi-nanowar-9822,0,00-00-0000
380,metropolis-giorgio-birthday-2917,0,00-00-0000
381,luomo-magni-ironmonger-4160,0,00-00-0000
382,barbie-fairy-intrue-6842,0,00-00-0000
383,poser-beginning-village-2659,0,00-00-0000
384,quest-protocols-with-8121,0,00-00-0000
385,kibbles-liechtenstein-reels-4933,0,00-00-0000
386,panceri-need-polenta-4747,0,00-00-0000
387,intro-odino-viejo-8442,0,00-00-0000
388,belt-gabonzo-cadabra-7436,0,00-00-0000
389,with-master-boogie-9889,0,00-00-0000
390,triumphant-potentia-carrefour-4682,0,00-00-0000
391,iglo-reels-christmas-5947,0,00-00-0000
392,only-belt-nanowar-5389,0,00-00-0000
393,live-maiden-fork-8045,0,00-00-0000
394,that-tkdyns-more-6475,0,00-00-0000
395,viejo-robot-magniaccons-266,0,00-00-0000
396,dick-fork-polenta-4468,0,00-00-0000
397,ironmonger-taragnarock-minerals-2875,0,00-00-0000
398,band-kaptn-outrue-339,0,00-00-0000
399,viejo-princess-voyage-7005,0,00-00-0000
400,quest-prayer-nanowarriors-6435,0,00-00-0000
401,metal-maestro-declination-3393,0,00-00-0000
402,world-hail-valhalla-7459,0,00-00-0000
403,findus-think-keys-5187,0,00-00-0000
404,grafia-images-mazurka-8159,0,00-00-0000
405,vecchio-houdini-world-1108,0,00-00-0000
406,barbie-fluch-iron-5956,0,00-00-0000
407,cacciatore-ironmonger-metal-3859,0,00-00-0000
408,karkagnors-with-pizza-8809,0,00-00-0000
409,birthday-intrue-than-6654,0,00-00-0000
410,muscle-blood-another-4215,0,00-00-0000
411,ballad-happy-wall-520,0,00-00-0000
412,surprise-happy-scugnizzi-2176,0,00-00-0000
413,marcia-fires-tooth-496,0,00-00-0000
414,piazza-giorgio-kibbles-9158,0,00-00-0000
415,requiem-emerald-keys-9024,0,00-00-0000
416,cena-gianni-power-7941,0,00-00-0000
417,gladi-with-dimmu-284,0,00-00-0000
418,another-outrue-legacy-4312,0,00-00-0000
419,village-rapsody-live-4732,0,00-00-0000
420,viejo-images-uranus-942,0,00-00-0000
421,notte-myagi-amazing-152,0,00-00-0000
422,blood-erotico-rhapsody-7233,0,00-00-0000
423,iglo-tooth-dick-1388,0,00-00-0000
424,nanowarriors-vecchio-knight-3279,0,00-00-0000
425,look-rhapsody-with-6303,0,00-00-0000
426,lung-taragnarock-band-1343,0,00-00-0000
427,baile-houdini-signore-4764,0,00-00-0000
428,potentia-capitan-rhapsody-7937,0,00-00-0000
429,viejo-other-dimmu-6509,0,00-00-0000
430,rhapsody-formia-cervo-3813,0,00-00-0000
431,anelli-images-triumphant-4361,0,00-00-0000
432,vegan-reels-legacy-5656,0,00-00-0000
433,muscle-chastity-wall-7663,0,00-00-0000
434,song-battalion-great-9357,0,00-00-0000
435,sober-only-fluch-4165,0,00-00-0000
436,memories-ecologico-band-4723,0,00-00-0000
437,maiden-tragic-sabbia-4614,0,00-00-0000
438,guarda-crown-laugh-5627,0,00-00-0000
439,rapsody-cena-that-8897,0,00-00-0000
440,intrue-milf-sulle-6604,0,00-00-0000
441,amazing-think-bitch-6847,0,00-00-0000
442,beginning-nanowarrior-vegan-9657,0,00-00-0000
443,obras-king-heavy-2629,0,00-00-0000
444,maestro-schwanzwald-happy-4248,0,00-00-0000
445,myagi-gargoyle-ballad-6159,0,00-00-0000
446,belt-findus-gladi-9897,0,00-00-0000
447,hail-than-radio-226,0,00-00-0000
448,onion-village-fight-5339,0,00-00-0000
449,valhalla-band-intro-2384,0,00-00-0000
450,land-only-disco-7574,0,00-00-0000
451,dick-fairy-magniaccons-9471,0,00-00-0000
452,need-ecologico-velociraptor-5942,0,00-00-0000
453,live-capitan-drill-7606,0,00-00-0000
454,boogie-intrue-cacciatore-3281,0,00-00-0000
455,mastrota-carrefour-that-7220,0,00-00-0000
456,gladi-kaptn-blood-2965,0,00-00-0000
457,strong-gigi-capitan-4620,0,00-00-0000
458,fairy-notte-requiem-6426,0,00-00-0000
459,obras-quest-words-1368,0,00-00-0000
460,hobbit-feudalesimo-think-6551,0,00-00-0000
461,valhalla-carrefour-grafia-3307,0,00-00-0000
462,swords-legacy-maestro-9980,0,00-00-0000
463,strong-countrycycles-bitch-3850,0,00-00-0000
464,only-maestro-gianni-4651,0,00-00-0000
465,words-dimmu-intro-3012,0,00-00-0000
466,grande-viejo-underpants-3013,0,00-00-0000
467,requiem-winterstorm-fork-3485,0,00-00-0000
468,dragon-nanowar-taragnarock-9623,0,00-00-0000
469,kibbles-panceri-anelli-1592,0,00-00-0000
470,rosario-fight-true-1168,0,00-00-0000
471,twilight-dick-tragic-7671,0,00-00-0000
472,ring-fight-only-534,0,00-00-0000
473,hail-cervo-forest-238,0,00-00-0000
474,maledizione-keeper-knight-3706,0,00-00-0000
475,another-tragic-twilight-6444,0,00-00-0000
476,tricycles-bitch-call-916,0,00-00-0000
477,nanowar-blood-crown-8530,0,00-00-0000
478,onion-iron-magniaccons-9852,0,00-00-0000
479,sabani-call-metallalala-199,0,00-00-0000
480,guarda-odino-nanowarriors-5104,0,00-00-0000
481,fernanduzzo-uranus-radio-7247,0,00-00-0000
482,muscle-winterstorm-ecologico-4056,0,00-00-0000
483,gabonzo-sabbia-magni-6297,0,00-00-0000
484,band-world-schwanzwald-8329,0,00-00-0000
485,minerals-countrycycles-metropolis-2049,0,00-00-0000
486,poseur-drill-reels-9124,0,00-00-0000
487,legacy-baile-cervo-1702,0,00-00-0000
488,legacy-uranus-rhapsody-4669,0,00-00-0000
489,maiden-marcia-pasadena-7849,0,00-00-0000
490,viejo-images-carrefour-5656,0,00-00-0000
491,amazing-village-ironmonger-657,0,00-00-0000
492,cena-mazurka-band-161,0,00-00-0000
493,cantieri-bitch-robot-8749,0,00-00-0000
494,keeper-gatto-fluch-9225,0,00-00-0000
495,metal-memories-grafia-9621,0,00-00-0000
496,fairy-noticed-crown-1910,0,00-00-0000
497,gianni-maestro-live-5743,0,00-00-0000
498,schwanzwald-iglo-requiem-8014,0,00-00-0000
499,cantieri-only-tell-2567,0,00-00-0000
